"","state","biden","biden_lead","mean_case","mean_death","mean_pos_increase","mean_death_increase","id"
"1","florida",47.9,0.9,824674.5,16927.5,4192.66666666667,55.6666666666667,63
"2","florida",47,-1,837914,17043,4569,46,63
"3","florida",47,-2,831800,17003,3885.66666666667,38.6666666666667,63
"4","florida",51,3,824567.5,16936.75,4145.5,55.5,63
"5","florida",46,-1,824567.5,16936.75,4145.5,55.5,63
"6","florida",48,1,822446.666666667,16916.6666666667,3925.66666666667,64.6666666666667,63
"7","florida",47,5,822026.6,16904.4,4117.4,57.6,63
"8","florida",49,1,820392,16890.5,4747,76,63
"9","florida",50,4,819455.666666667,16871.8333333333,4135.5,57.5,63
"10","florida",47,3,817160.8,16846.8,4001.6,63.4,63
"11","florida",51,6,820392,16890.5,4747,76,63
"12","florida",50,3,809239.75,16747.5,3919.5,55.5,63
"13","florida",47,-3,804349,16692,3478.75,38.75,63
"14","florida",48,-2,804879.333333333,16707,3734.5,51.6666666666667,63
"15","florida",51,6,802434.2,16677.6,3659.2,46.2,63
"16","florida",51,4,801844.333333333,16664.3333333333,3303.33333333333,29.6666666666667,63
"17","florida",45,3,797989.6,16631.4,3581.8,47.8,63
"18","florida",50,2,796158.5,16626,3364.5,44,63
"19","florida",44,-4,793985.666666667,16598.6666666667,3449,54,63
"20","florida",49,2,793400.142857143,16562.1428571429,3639.42857142857,57.2857142857143,63
"21","florida",50,2,782350,16407.5,3685.25,80.5,63
"22","florida",48,2,781312.818181818,16370.1818181818,3300.36363636364,65.4545454545455,63
"23","florida",49,2,781926.5,16389,3783.5,81,63
"24","florida",46,-4,777304,16308,2831,43,63
"25","florida",50,4,767637.166666667,16129.6666666667,3056.66666666667,86.6666666666667,63
"26","florida",50,5,767833.5,16134.5,2874.5,72.5,63
"27","florida",50,4,765779.571428571,16080.8571428571,3021.14285714286,83.7142857142857,63
"28","florida",48,1,755022.8,15814.2,2727,95.6,63
"29","florida",46,-2,748574,15624.3333333333,3196.66666666667,116.666666666667,63
"30","florida",49,2,747275,15575.5,3466.5,113.5,63
"31","florida",50,3,744939.333333333,15507.6666666667,2311,75.6666666666667,63
"32","florida",49,2,743930.375,15467.875,2630.125,105.375,63
"33","florida",48,3,742438.8,15429.8,2606.4,103,63
"34","florida",51,4,740268,15372,1426.5,59,63
"35","florida",43,-3,731912,15014.5,2372.5,99,63
"36","florida",49,4,723212.777777778,14745.8888888889,2326.66666666667,97.4444444444444,63
"37","florida",50,4,723841,14792.6666666667,2383,75.3333333333333,63
"38","florida",51,11,723457.8,14776.6,2221.2,79.6,63
"39","florida",51,6,722394.75,14749.25,2425,89.25,63
"40","florida",47,5,716514.5,14553.5,2215.5,153,63
"41","florida",46,3,701871,14004,2652.75,152.75,63
"42","florida",50,3,692955,13529.5,2042.5,60,63
"43","florida",49,3,686836.333333333,13432,3061.33333333333,70.6666666666667,63
"44","florida",47,-4,681721.666666667,13264.8333333333,2914.66666666667,109.833333333333,63
"45","florida",48,2,678303.25,13170,2870.25,146.75,63
"46","florida",50,5,664138,12665,2926,123.75,63
"47","florida",50,3,652440.5,12045,1804.5,33,63
"48","florida",49,3,646497,11955.6666666667,3084.33333333333,67,63
"49","florida",46,-3,636035,11657.3333333333,4428,156.333333333333,63
"50","florida",48,3,623799.4,11292.6,3754.8,102,63
"51","florida",49,3,597429.666666667,10392.3333333333,3960,92,63
"52","florida",48,4,595672,10357.5,4438,112.5,63
"53","florida",50,6,NA,8201.33333333333,7341,148,63
"54","florida",48,3,NA,5878,11203.6666666667,113.333333333333,63
"55","florida",50,4,NA,5398.25,9861,135.25,63
"56","florida",51,5,NA,5350.57142857143,10617.4285714286,122.285714285714,63
"57","florida",51,13,NA,4994,11579.2,111.4,63
"58","florida",50,6,NA,4447.5,10695,84,63
"59","florida",53,10,NA,4381,12207,35,63
"60","florida",50,7,NA,4283.33333333333,12224.3333333333,78.3333333333333,63
"61","florida",48,6,NA,4062,9346.5,80.75,63
"62","florida",50,5,NA,3490.33333333333,8900.66666666667,31.6666666666667,63
"63","florida",49,9,NA,3272.5,3792,34,63
"64","florida",47,6,NA,2987.27272727273,1901.18181818182,33.4545454545455,63
"65","florida",50,7,NA,3001.66666666667,2081,28,63
"66","florida",51,11,NA,2911.25,1425.75,42.25,63
"67","florida",48,3,NA,2519.66666666667,947.666666666667,29.3333333333333,63
"68","florida",48,1,NA,2369,489,34.5,63
"69","florida",53,6,NA,1793.6,555.8,36.4,63
"70","florida",46,3,NA,799.25,820.75,39.25,63
"71","florida",46,4,NA,737.2,926.6,39.4,63
"72","florida",46,6,NA,129.2,1067.4,25.6,63
"73","florida",45,-3,NA,NA,NA,NA,63
"74","florida",49,-2,NA,NA,NA,NA,63
"75","florida",49,1,NA,NA,NA,NA,63
"76","florida",51,2,NA,NA,NA,NA,63
"77","florida",47,2,NA,NA,NA,NA,63
"78","florida",46,2,775630.642857143,16251,3218.21428571429,75.2142857142857,63
"79","florida",48,5,762562,16007.2,3180.2,89.2,63
"80","florida",49,-1,669831.5,12816.5,2506,72,63
"81","florida",50,9,NA,3038.33333333333,2186.83333333333,28.6666666666667,63
"82","pennsylvania",48.7,1.2,217466.2,8799.6,2264.4,21,457
"83","pennsylvania",48,-1,221104.5,8820,1984.5,5.5,457
"84","pennsylvania",50,3,218936,8814.5,2209.5,16.5,457
"85","pennsylvania",46,-2,216490.5,8798,2575.5,25,457
"86","pennsylvania",51,5,216275.75,8793.75,2315.5,24.75,457
"87","pennsylvania",47,-2,216490.5,8798,2575.5,25,457
"88","pennsylvania",50,4,216275.75,8793.75,2315.5,24.75,457
"89","pennsylvania",51,7,214961,8778.6,2298,24.2,457
"90","pennsylvania",50,4,213615.5,8773,2421.5,33,457
"91","pennsylvania",51,6,213674.666666667,8764.83333333333,2373.5,24,457
"92","pennsylvania",49,6,212413.4,8754.4,2466.4,27.8,457
"93","pennsylvania",51,5,208325,8712.25,2147,24,457
"94","pennsylvania",51,7,206159.166666667,8694.83333333333,2049.5,22.8333333333333,457
"95","pennsylvania",49,5,203922.666666667,8672,2052.33333333333,21,457
"96","pennsylvania",46,-2,202710,8666,1666,12,457
"97","pennsylvania",51,7,202766.8,8662.8,2017.2,20.8,457
"98","pennsylvania",50,5,198444.142857143,8615,1768.57142857143,24.7142857142857,457
"99","pennsylvania",50,6,196495.857142857,8590.28571428571,1725.14285714286,24.8571428571429,457
"100","pennsylvania",50,3,189976,8496,1186,17,457
"101","pennsylvania",50,5,190080.75,8497.75,1446.5,19,457
"102","pennsylvania",53,10,188428.666666667,8480,1491.66666666667,20.3333333333333,457
"103","pennsylvania",49,2,188497.75,8478.75,1448.75,17,457
"104","pennsylvania",51,8,188497.75,8478.75,1448.75,17,457
"105","pennsylvania",49,7,187647.4,8469.4,1478.6,17.8,457
"106","pennsylvania",52,8,187561.222222222,8470.77777777778,1443.66666666667,21.5555555555556,457
"107","pennsylvania",51,7,186763.125,8459.375,1446,20.625,457
"108","pennsylvania",49,4,185967.142857143,8448.85714285714,1430.14285714286,18.8571428571429,457
"109","pennsylvania",51,5,181829.75,8398.75,1326,20.5,457
"110","pennsylvania",46,3,180289.5,8376,1215,17,457
"111","pennsylvania",47,2,178343,8354,1332,20,457
"112","pennsylvania",51,7,174634.166666667,8302.83333333333,1334.83333333333,20.5,457
"113","pennsylvania",50,5,169410,8221.5,1461.5,14,457
"114","pennsylvania",50,4,167464.333333333,8198,1137.33333333333,18.6666666666667,457
"115","pennsylvania",54,13,167513.6,8196.2,1048,17,457
"116","pennsylvania",50,5,166334,8178,1054.42857142857,17.1428571428571,457
"117","pennsylvania",54,11,166365.4,8179.2,1144.2,18.6,457
"118","pennsylvania",51,7,165365.333333333,8160.33333333333,1156.66666666667,18.6666666666667,457
"119","pennsylvania",49,7,165365.333333333,8160.33333333333,1156.66666666667,18.6666666666667,457
"120","pennsylvania",49,9,160022.666666667,8096.66666666667,917.666666666667,9,457
"121","pennsylvania",50,5,159067.666666667,8087.66666666667,896,13.6666666666667,457
"122","pennsylvania",54,9,157665.666666667,8058.66666666667,775.666666666667,20.3333333333333,457
"123","pennsylvania",51,7,155972.5,8017.5,674.75,26.5,457
"124","pennsylvania",49,4,154197.333333333,7957,885,22.6666666666667,457
"125","pennsylvania",47,2,151362,7897,953.333333333333,14.6666666666667,457
"126","pennsylvania",49,4,150859.75,7897.16666666667,793.5,16.5833333333333,457
"127","pennsylvania",48,6,152280.285714286,7918.71428571429,956.714285714286,20.5714285714286,457
"128","pennsylvania",49,3,149022.833333333,7859.66666666667,852.166666666667,13.8333333333333,457
"129","pennsylvania",50,4,142502.666666667,7754,848.333333333333,9.33333333333333,457
"130","pennsylvania",53,9,140997.25,7731.25,794.875,13.375,457
"131","pennsylvania",44,2,137696.7,7680.8,762.7,13.7,457
"132","pennsylvania",49,3,136872,7668,717.25,9.5,457
"133","pennsylvania",52,8,136872,7668,717.25,9.5,457
"134","pennsylvania",49,3,131993.333333333,7570.66666666667,702.666666666667,13.3333333333333,457
"135","pennsylvania",49,7,130518.714285714,7534.28571428571,655.428571428571,15.7142857142857,457
"136","pennsylvania",49,4,126225.571428571,7427.42857142857,770.142857142857,21.5714285714286,457
"137","pennsylvania",52,9,122145.333333333,7314.66666666667,724.666666666667,6.66666666666667,457
"138","pennsylvania",48,4,121405.666666667,7308,777,10.6666666666667,457
"139","pennsylvania",49,6,119398.5,7263.75,781,22,457
"140","pennsylvania",50,9,115339.416666667,7191.08333333333,824.666666666667,14,457
"141","pennsylvania",48,2,109535.666666667,7111,1022.33333333333,13,457
"142","pennsylvania",50,9,107497.571428571,7075.85714285714,914,14.7142857142857,457
"143","pennsylvania",48,3,107385.666666667,7081,935.333333333333,21,457
"144","pennsylvania",50,11,103862.666666667,7013.33333333333,753.333333333333,8.66666666666667,457
"145","pennsylvania",51,5,100858.5,6965,887.5,21,457
"146","pennsylvania",50,8,97301,6893.66666666667,799.666666666667,18.6666666666667,457
"147","pennsylvania",52,10,97180.8,6888,718.8,19.8,457
"148","pennsylvania",48,5,89459.25,6656,644.5,33.25,457
"149","pennsylvania",50,6,87534.6666666667,6579,575.333333333333,7.33333333333333,457
"150","pennsylvania",46,5,83109.1111111111,6370,433.111111111111,27.6666666666667,457
"151","pennsylvania",49,3,80638,6196,288.333333333333,34,457
"152","pennsylvania",50,10,80568.5555555556,6138.77777777778,363.444444444444,37,457
"153","pennsylvania",46,-4,74575.6666666667,5518.66666666667,834.666666666667,60.6666666666667,457
"154","pennsylvania",49,6,NA,1531,1322.16666666667,57.6666666666667,457
"155","pennsylvania",50,8,NA,1179,1271.75,202,457
"156","pennsylvania",48,6,NA,835.142857142857,1290.42857142857,97.1428571428571,457
"157","pennsylvania",46,6,NA,NA,NA,NA,457
"158","pennsylvania",46,1,NA,NA,NA,NA,457
"159","pennsylvania",50,8,NA,NA,NA,NA,457
"160","pennsylvania",52,9,237782,8976.83333333333,3237.5,28.1666666666667,457
"161","pennsylvania",46,1,192205.642857143,8531.92857142857,1599.35714285714,21.7857142857143,457
"162","pennsylvania",53,11,NA,3848.83333333333,899.666666666667,100.333333333333,457
"163","pennsylvania",55,10,NA,24,541.333333333333,7.66666666666667,457
"164","wisconsin",51,6.7,227020.5,1892.75,4466.25,38.1666666666667,589
"165","wisconsin",53,8,246699.75,2058.5,4966,41.75,589
"166","wisconsin",49,3,244272,2041.33333333333,5437,49.6666666666667,589
"167","wisconsin",53,8,241223,2016,5251.5,43,589
"168","wisconsin",53,10,241389.666666667,2012,4915.83333333333,47.6666666666667,589
"169","wisconsin",52,11,233358.4,1938.8,4629,43.2,589
"170","wisconsin",48,1,217703,1808,4225.5,19.5,589
"171","wisconsin",52,8,226581.5,1885.5,4529.875,38,589
"172","wisconsin",48,5,210620.2,1763.4,4217.8,32.2,589
"173","wisconsin",53,9,210440.285714286,1756.14285714286,4112.28571428571,29.5714285714286,589
"174","wisconsin",57,17,208379.166666667,1744.83333333333,4295.83333333333,32.6666666666667,589
"175","wisconsin",49,5,189525.75,1611.25,3150.25,16,589
"176","wisconsin",52,8,186299.25,1595.25,3005,13,589
"177","wisconsin",48,2,179924.333333333,1566.66666666667,3822.66666666667,23.3333333333333,589
"178","wisconsin",53,9,185735.333333333,1596.11111111111,3540,24.2222222222222,589
"179","wisconsin",51,8,181821.285714286,1573,3258.71428571429,19,589
"180","wisconsin",51,5,177955,1554.5,3724,26,589
"181","wisconsin",51,7,158725.833333333,1444.16666666667,2776.66666666667,13.8333333333333,589
"182","wisconsin",51,10,158725.833333333,1444.16666666667,2776.66666666667,13.8333333333333,589
"183","wisconsin",51,7,144796.333333333,1378,2601.66666666667,10,589
"184","wisconsin",46,5,141889.2,1365.8,2652.8,15.6,589
"185","wisconsin",50,6,141681.428571429,1361.57142857143,2491.14285714286,14.1428571428571,589
"186","wisconsin",48,2,122558.75,1279.5,2476,8,589
"187","wisconsin",48,3,118690.666666667,1267.33333333333,2037.33333333333,7.66666666666667,589
"188","wisconsin",54,10,116821.4,1260.8,1828.6,5.2,589
"189","wisconsin",51,9,111312.666666667,1248.33333333333,2239.33333333333,3.66666666666667,589
"190","wisconsin",50,4,104496.583333333,1230.08333333333,1666.5,5.08333333333333,589
"191","wisconsin",48,5,100576.333333333,1220.66666666667,1376.33333333333,6,589
"192","wisconsin",52,6,96314.3333333333,1201.33333333333,1291.83333333333,7,589
"193","wisconsin",52,10,97001.8,1206.4,1400.4,8.4,589
"194","wisconsin",48,5,94068.6666666667,1189.33333333333,1084.66666666667,8.33333333333333,589
"195","wisconsin",51,7,92162,1176,738,0,589
"196","wisconsin",50,6,90571,1171,1143.66666666667,7.33333333333333,589
"197","wisconsin",50,6,88265.6666666667,1155,953.333333333333,7.33333333333333,589
"198","wisconsin",51,8,86929.5,1144.5,807,10,589
"199","wisconsin",47,4,86528.6,1140.6,638.4,5.4,589
"200","wisconsin",50,8,85520,1131.5,684,4.5,589
"201","wisconsin",49,5,79278,1084.33333333333,767.333333333333,5,589
"202","wisconsin",45,-1,76535.8,1062.2,758.3,6.4,589
"203","wisconsin",47,4,68299,1001.66666666667,950,6.66666666666667,589
"204","wisconsin",50,4,66775.6666666667,989.166666666667,905.666666666667,8.16666666666667,589
"205","wisconsin",48,6,65761.25,981.75,906.75,10.25,589
"206","wisconsin",55,12,65735.5,981,907,8.5,589
"207","wisconsin",49,6,61327.75,941,855.833333333333,7.25,589
"208","wisconsin",48,5,55543.3333333333,894,1003.66666666667,4.66666666666667,589
"209","wisconsin",50,8,52319,872,747,6,589
"210","wisconsin",48,6,42410.6666666667,825.333333333333,889,3.66666666666667,589
"211","wisconsin",51,8,33142.6666666667,773.333333333333,534,3.66666666666667,589
"212","wisconsin",45,-1,31507,757.666666666667,409,7,589
"213","wisconsin",49,8,28536,704,300.2,5.6,589
"214","wisconsin",48,4,27642,690.666666666667,299.666666666667,3.33333333333333,589
"215","wisconsin",49,11,27072.375,678.25,291.75,5.875,589
"216","wisconsin",49,9,22895.25,595.5,328,9.75,589
"217","wisconsin",46,3,11241.2,353.6,340.2,8,589
"218","wisconsin",48,3,1010.33333333333,9.83333333333333,135,1.33333333333333,589
"219","wisconsin",48,3,NA,NA,NA,NA,589
"220","wisconsin",44,2,NA,NA,NA,NA,589
"221","wisconsin",45,2,NA,NA,NA,NA,589
"222","wisconsin",42,-7,NA,NA,NA,NA,589
"223","wisconsin",49,4,NA,NA,NA,NA,589
"224","wisconsin",46,5,NA,NA,NA,NA,589
"225","wisconsin",47,1,NA,NA,NA,NA,589
"226","wisconsin",44,-3,347217,2760.8,6516.6,49.2,589
"227","wisconsin",46,2,196130.785714286,1664.57142857143,3685.5,24.2857142857143,589
"228","wisconsin",50,6,179217.6,1561.2,2979.2,20.8,589
"229","wisconsin",48,9,137605,1342,2682.75,17.5,589
"230","wisconsin",51,9,82865.8,1115.4,822.2,7.6,589
"231","wisconsin",54,8,NA,NA,NA,NA,589
"232","north_carolina",47.6,-0.2,279860.714285714,4286,2370.42857142857,32.2857142857143,356
"233","north_carolina",44,-4,284522,4355,2807,47.5,356
"234","north_carolina",49,2,284245,4344,2639,34.5,356
"235","north_carolina",49,1,281246.333333333,4305.33333333333,2491.66666666667,35.5,356
"236","north_carolina",47,-1,278151,4264,2569,36,356
"237","north_carolina",47,-2,276740.333333333,4246.33333333333,2426.33333333333,37.6666666666667,356
"238","north_carolina",49,1,275442,4227.25,2230.5,31.5,356
"239","north_carolina",49,2,275249,4228,2197,37.5,356
"240","north_carolina",51,6,273452.375,4207,2354.75,31.25,356
"241","north_carolina",52,6,272977.75,4195.75,1961,25.25,356
"242","north_carolina",48,3,269673.2,4159.2,2178.2,25.8,356
"243","north_carolina",47,1,266240.25,4124.25,2376.75,31.25,356
"244","north_carolina",49,1,267117,4130,2161.85714285714,31.2857142857143,356
"245","north_carolina",51,4,260931.5,4055,2134,43.75,356
"246","north_carolina",46,-3,259552,4035.33333333333,1940,47.6666666666667,356
"247","north_carolina",48,-1,258297.5,4012,1710,46.5,356
"248","north_carolina",49,3,251212.285714286,3919.14285714286,2038.42857142857,25.1428571428571,356
"249","north_carolina",50,3,252767,3928,2058.25,16.25,356
"250","north_carolina",50,3,250533.5,3911.75,2405.25,19.5,356
"251","north_carolina",49,1,245430.5,3859.66666666667,2042.33333333333,26.5,356
"252","north_carolina",46,4,237905.6,3774.2,1816.8,18.8,356
"253","north_carolina",48,1,235736.428571429,3755.14285714286,1889,20.8571428571429,356
"254","north_carolina",50,4,235039.75,3751,2125.5,19.25,356
"255","north_carolina",50,5,235039.75,3751,2125.5,19.25,356
"256","north_carolina",48,2,233830.8,3739.4,2042.6,20,356
"257","north_carolina",50,4,224165,3635.5,1434,4,356
"258","north_carolina",50,4,221790.333333333,3623.66666666667,1529,18.3333333333333,356
"259","north_carolina",49,2,221790.333333333,3623.66666666667,1529,18.3333333333333,356
"260","north_carolina",48,2,NA,3341.75,2487.5,40.5,356
"261","north_carolina",48,-1,NA,3287.375,1844.375,28.625,356
"262","north_carolina",48,2,NA,3228.33333333333,1335,21,356
"263","north_carolina",44,-1,NA,3216.25,1389.25,23.5,356
"264","north_carolina",50,1,NA,3178.66666666667,1377.33333333333,32,356
"265","north_carolina",45,1,NA,3073.66666666667,1211.66666666667,26.5,356
"266","north_carolina",46,3,NA,3045.5,1256.75,17.5,356
"267","north_carolina",49,3,NA,3014,1260.2,28.6,356
"268","north_carolina",46,-2,NA,2990.33333333333,1217,38,356
"269","north_carolina",46,-2,NA,2903,867,9.5,356
"270","north_carolina",49,2,NA,2872.66666666667,1564,29,356
"271","north_carolina",48,2,NA,2704.5,1733.25,22.25,356
"272","north_carolina",50,4,NA,2704.5,1733.25,22.25,356
"273","north_carolina",47,-2,NA,2687.5,1818,20,356
"274","north_carolina",48,1,NA,2515.33333333333,1736.33333333333,22,356
"275","north_carolina",46,-2,NA,2166.66666666667,1344,12.6666666666667,356
"276","north_carolina",47,-1,NA,2154,1650.33333333333,25.3333333333333,356
"277","north_carolina",45,1,NA,2145.2,1511.2,24.4,356
"278","north_carolina",47,-1,NA,2113,1762,42,356
"279","north_carolina",48,4,NA,1878,1952.5,33.5,356
"280","north_carolina",49,3,NA,1769.66666666667,1940,19.6666666666667,356
"281","north_carolina",51,7,NA,1620.55555555556,1941.44444444444,20.8888888888889,356
"282","north_carolina",47,1,NA,1493.66666666667,2117.33333333333,14,356
"283","north_carolina",50,4,NA,1430.5,1390.5,21.5,356
"284","north_carolina",51,7,NA,1312.33333333333,1653,12.6666666666667,356
"285","north_carolina",45,1,NA,1256,1095.5,16,356
"286","north_carolina",48,2,NA,1237,826,15.5,356
"287","north_carolina",47,2,NA,1226.5,1153.25,13.5,356
"288","north_carolina",43,-3,NA,1168,1002,14,356
"289","north_carolina",47,2,NA,1101.66666666667,1546,15,356
"290","north_carolina",49,9,NA,1097.45454545455,1149.27272727273,16.2727272727273,356
"291","north_carolina",49,4,NA,930,757,20.5,356
"292","north_carolina",46,1,NA,874,1059,19.6666666666667,356
"293","north_carolina",44,-3,NA,795.666666666667,482.666666666667,24.3333333333333,356
"294","north_carolina",43,-3,NA,526,534,22.3333333333333,356
"295","north_carolina",50,5,NA,277.5,402.5,14.25,356
"296","north_carolina",48,1,NA,112.5,153.5,15.5,356
"297","north_carolina",42,-7,NA,36.6666666666667,273,7.33333333333333,356
"298","north_carolina",48,2,NA,NA,NA,NA,356
"299","north_carolina",49,4,NA,NA,NA,NA,356
"300","north_carolina",49,4,NA,NA,NA,NA,356
"301","north_carolina",45,2,315738.75,4696,2593.25,26.25,356
"302","north_carolina",46,-2,256846.571428571,3996.35714285714,2071.07142857143,28.3571428571429,356
"303","north_carolina",50,4,226529.125,3667.5,1815.25,21,356
"304","north_carolina",51,5,225123,3647,1457.33333333333,13.6666666666667,356
"305","north_carolina",49,8,NA,1995,1428,25.2,356
"306","north_carolina",49,3,NA,1171.5,1167.5,10.5,356
"307","north_carolina",56,12,NA,911,776,15.5,356
"308","north_carolina",39,-4,NA,NA,NA,NA,356
"309","north_carolina",49,5,NA,NA,NA,NA,356
"310","michigan",50,4.2,213629.5,7679,2868,23.25,216
"311","michigan",46,-2,214510,7682,3681.5,23,216
"312","michigan",49,2,214510,7682,3681.5,23,216
"313","michigan",51,7,213629.5,7679,2868,23.25,216
"314","michigan",52,7,210627,7659,3727,29.5,216
"315","michigan",52,7,208866,7653,4109,47,216
"316","michigan",52,10,209875.833333333,7651.16666666667,2956.16666666667,24.5,216
"317","michigan",47,-2,198841.5,7566.25,2580.5,21,216
"318","michigan",48,7,198841.5,7566.25,2580.5,21,216
"319","michigan",53,12,199921.75,7573.625,2914,25.125,216
"320","michigan",52,10,197014.333333333,7553,2244,21,216
"321","michigan",49,8,193345.75,7520,2398.25,22,216
"322","michigan",49,7,191984,7509.33333333333,1845.33333333333,19.3333333333333,216
"323","michigan",52,9,192263.142857143,7506.71428571429,2335.71428571429,28.8571428571429,216
"324","michigan",51,7,188432.166666667,7465.5,1914.83333333333,26.5,216
"325","michigan",51,10,175132,7317,0,0,216
"326","michigan",52,12,178325,7345,1718.75,16.5,216
"327","michigan",51,7,175859.428571429,7323.85714285714,1876,18.2857142857143,216
"328","michigan",51,7,176459,7328.5,1802.5,15.25,216
"329","michigan",48,9,175714.2,7323.2,1933.6,19,216
"330","michigan",52,10,175977,7326.66666666667,1830.66666666667,21.4444444444444,216
"331","michigan",54,11,169233.25,7262.5,1862.25,20.75,216
"332","michigan",46,-1,167117.5,7241.75,1247.75,12.25,216
"333","michigan",48,9,163663.2,7211.2,1260.8,11.2,216
"334","michigan",51,8,163668.571428571,7211.42857142857,1283.42857142857,13.4285714285714,216
"335","michigan",48,8,161543.5,7193.5,1123,13.3333333333333,216
"336","michigan",52,6,160179.25,7180.75,1272.5,15.25,216
"337","michigan",52,10,158636,7165,1183,15,216
"338","michigan",51,8,154562,7119.33333333333,753,7.33333333333333,216
"339","michigan",51,8,153992.375,7114.375,1022,13.75,216
"340","michigan",48,9,153111.75,7104.75,1112.75,13,216
"341","michigan",46,-1,141675.333333333,6982.33333333333,756.666666666667,9.33333333333333,216
"342","michigan",52,8,141332.5,6979,714.25,10.75,216
"343","michigan",51,8,140073.666666667,6964,455,4.66666666666667,216
"344","michigan",46,5,138167.833333333,6945.66666666667,838.166666666667,9.66666666666667,216
"345","michigan",51,6,137188,6936.66666666667,816.583333333333,7.83333333333333,216
"346","michigan",49,5,135532,6919.66666666667,816,8.16666666666667,216
"347","michigan",48,8,134624,6911.5,851,7.5,216
"348","michigan",49,6,127849,6803.33333333333,649.666666666667,5,216
"349","michigan",51,8,125657.5,6786,711,12,216
"350","michigan",47,5,125256.333333333,6779.66666666667,739,12.6666666666667,216
"351","michigan",50,6,115809,6649.33333333333,730,8.33333333333333,216
"352","michigan",45,-2,113484.2,6614.4,695.2,10.4,216
"353","michigan",48,5,105430.333333333,6521,690,4.33333333333333,216
"354","michigan",47,4,99627.6666666667,6447.75,798.666666666667,8.83333333333333,216
"355","michigan",51,11,96322.6666666667,6415.16666666667,784.833333333333,7.16666666666667,216
"356","michigan",46,4,94169.6666666667,6400,743.333333333333,1.66666666666667,216
"357","michigan",48,6,92530.75,6391.25,669.25,6.75,216
"358","michigan",51,9,92212,6388,671,6,216
"359","michigan",52,12,91475.7142857143,6381.14285714286,639.857142857143,6.42857142857143,216
"360","michigan",49,9,90069,6367.66666666667,600.666666666667,6,216
"361","michigan",48,6,83693.6666666667,6304,571,14.3333333333333,216
"362","michigan",48,5,76314.3333333333,6148.33333333333,319,8.33333333333333,216
"363","michigan",46,1,72642.6666666667,6043.66666666667,237.666666666667,14.6666666666667,216
"364","michigan",47,2,71904,6006.33333333333,201.666666666667,10.3333333333333,216
"365","michigan",47,11,71732.2,5993.6,152.8,10.9,216
"366","michigan",51,13,71320,5969.5,142,12,216
"367","michigan",55,16,69612.2,5863,259,19.8,216
"368","michigan",53,12,69256.8,5843.2,253.2,21.2,216
"369","michigan",48,2,68595.6666666667,5799.33333333333,257,22.3333333333333,216
"370","michigan",49,3,60255.7142857143,5273.57142857143,749.285714285714,45,216
"371","michigan",49,8,39469.5,3290.25,817.25,121.75,216
"372","michigan",44,3,NA,NA,NA,NA,216
"373","michigan",45,4,NA,NA,NA,NA,216
"374","michigan",48,7,NA,NA,NA,NA,216
"375","michigan",47,4,NA,NA,NA,NA,216
"376","michigan",47,4,NA,NA,NA,NA,216
"377","michigan",50,6,NA,NA,NA,NA,216
"378","michigan",50,7,NA,NA,NA,NA,216
"379","michigan",56,12,221139.5,7718.75,3593.75,24,216
"380","michigan",45,1,180541.153846154,7379.38461538462,1862.76923076923,22.8461538461538,216
"381","michigan",51,10,113687.8,6617.2,471.8,8.4,216
"382","michigan",52,11,71255.4,5964,140.6,12.6,216
"383","michigan",53,12,68268,5777,286.666666666667,25,216
"384","michigan",54,8,NA,NA,NA,NA,216
"385","michigan",53,13,NA,NA,NA,NA,216
"386","michigan",52,13,48504.6666666667,4338.66666666667,932,95.3333333333333,216
"387","ohio",46.3,-1,224539.4,5285.2,3252,12.8,434
"388","ohio",45,-4,229744.5,5302,3109,6,434
"389","ohio",44,-5,226496.5,5296,3380,13,434
"390","ohio",47,4,224539.4,5285.2,3252,12.8,434
"391","ohio",49,1,222982.5,5283,3717.5,17.5,434
"392","ohio",48,5,209354.6,5210.4,2462,15.6,434
"393","ohio",45,-3,193409.5,5073,1912,7.25,434
"394","ohio",48,1,193290,5071,1699.5,4,434
"395","ohio",48,1,177046,4995.6,1491.2,7,434
"396","ohio",45,1,168139,4926.6,1197,26,434
"397","ohio",44,-4,165683.666666667,4882.33333333333,1326.33333333333,40.3333333333333,434
"398","ohio",50,5,153435,4640,801.5,18.75,434
"399","ohio",48,1,151173.4,4607.6,929.4,13.6,434
"400","ohio",49,4,131774.5,4170.5,1305,19,434
"401","ohio",45,-1,83819.5,3251.75,1394.5,27,434
"402","ohio",50,4,73998.5,3089,1303,17,434
"403","ohio",46,4,60812.1818181818,2924.31818181818,1053.81818181818,15.4545454545455,434
"404","ohio",46,1,47500.8,2680.2,623,18.6,434
"405","ohio",45,2,38164.25,2192,446,31.75,434
"406","ohio",43,-3,24722.6666666667,1326,650,23.3333333333333,434
"407","ohio",49,4,NA,NA,NA,NA,434
"408","ohio",53,6,163585.75,4827.25,1251.75,39.75,434
"409","ohio",50,8,79730,3176.83333333333,1356.83333333333,22,434
"410","minnesota",48,4.3,NA,2263.875,1579.25,10.875,293
"411","minnesota",47,5,134111.2,2342.4,1876.8,13.4,293
"412","minnesota",48,3,133332,2338.5,1969.5,17.5,293
"413","minnesota",48,6,122939.8,2229.6,1685,9.4,293
"414","minnesota",49,5,NA,2195,1209.5,1.25,293
"415","minnesota",47,7,NA,2124.83333333333,1101,8.5,293
"416","minnesota",48,6,NA,2029.66666666667,694.333333333333,6.66666666666667,293
"417","minnesota",47,7,NA,2029.2,858.2,5,293
"418","minnesota",57,16,NA,1941.5,514.333333333333,9.83333333333333,293
"419","minnesota",50,9,NA,1935.33333333333,369.333333333333,11.6666666666667,293
"420","minnesota",50,9,NA,1923.66666666667,341.333333333333,8,293
"421","minnesota",49,9,NA,1905.75,775.5,5.75,293
"422","minnesota",52,8,NA,1894,940.5,8.5,293
"423","minnesota",50,3,NA,1696,777,6.66666666666667,293
"424","minnesota",49,5,NA,1606,776.666666666667,6.33333333333333,293
"425","minnesota",51,13,NA,1581.33333333333,698,4,293
"426","minnesota",58,16,NA,1393,356,17,293
"427","minnesota",49,5,NA,761,864.333333333333,18.3333333333333,293
"428","minnesota",50,12,117705.666666667,2197,1607.33333333333,2.66666666666667,293
"429","iowa",45.6,-2,NA,1677.18181818182,1613.36363636364,12.7272727272727,176
"430","iowa",49,1,NA,1729,1808.5,12.5,176
"431","iowa",46,-2,NA,1706,2203,13,176
"432","iowa",46,-1,NA,1699.5,2071.5,12,176
"433","iowa",41,-7,NA,1671,1331.25,14.75,176
"434","iowa",46,-1,NA,1638.8,1127.2,12,176
"435","iowa",50,4,NA,1609,1375.75,19,176
"436","iowa",46,-2,NA,1559,743.333333333333,18.6666666666667,176
"437","iowa",46,3,NA,1540.33333333333,636,9.33333333333333,176
"438","iowa",50,3,NA,1524.4,1026.6,8.2,176
"439","iowa",50,5,NA,1376,772.8,9,176
"440","iowa",48,2,NA,1303.5,1014.25,6.25,176
"441","iowa",46,-3,NA,1269.8,771.8,7,176
"442","iowa",45,3,NA,1258.5,843.666666666667,6.66666666666667,176
"443","iowa",46,-2,NA,870.8,512.8,7.2,176
"444","iowa",43,-1,NA,617.5,268.25,8,176
"445","iowa",46,-2,NA,166,520.5,11,176
"446","iowa",41,-10,NA,NA,NA,NA,176
"447","iowa",44,-2,NA,NA,NA,NA,176
"448","iowa",46,-3,NA,NA,NA,NA,176
"449","iowa",45,-4,NA,NA,NA,NA,176
"450","iowa",44,-1,NA,1670.66666666667,1445.16666666667,12.5,176
"451","iowa",49,-2,NA,1502.75,1034.25,12.75,176
"452","iowa",53,6,NA,NA,17,0,176
"453","iowa",51,2,NA,NA,NA,NA,176
"454","arizona",47.9,0.9,247922.25,5919.625,1337.625,14,1
"455","arizona",50,3,250742.75,5953,1577,19,1
"456","arizona",49,2,249217.5,5934.66666666667,1418.16666666667,17.6666666666667,1
"457","arizona",48,2,249873.666666667,5943.66666666667,1593.66666666667,24.6666666666667,1
"458","arizona",45,-4,246819.666666667,5904.66666666667,1172,14.3333333333333,1
"459","arizona",49,6,246928.2,5904.6,1176.4,12,1
"460","arizona",46,-3,245101.75,5886.25,1098.25,9,1
"461","arizona",50,4,245216.375,5891.375,1142.375,9.375,1
"462","arizona",48,2,242378.428571429,5869.57142857143,1026.42857142857,7.71428571428571,1
"463","arizona",49,3,241834.25,5866.75,1062.75,5,1
"464","arizona",46,-1,238697.75,5845,939.25,8,1
"465","arizona",48,1,236724.5,5828.5,745,3,1
"466","arizona",49,3,235935.625,5817.375,897.25,10.875,1
"467","arizona",51,6,235893,5821.75,787.25,10.25,1
"468","arizona",50,3,233179.75,5783.5,859,11.75,1
"469","arizona",50,4,230013.625,5754.75,712.625,7.375,1
"470","arizona",51,7,230379,5758,666.6,4.8,1
"471","arizona",44,-4,227416.666666667,5729.66666666667,777,12,1
"472","arizona",50,3,226707.6,5720.4,600.4,7.6,1
"473","arizona",51,6,225010,5701.33333333333,514,10.6666666666667,1
"474","arizona",48,2,224947,5690.33333333333,558.666666666667,12.2222222222222,1
"475","arizona",49,8,224455,5690.66666666667,630.666666666667,18.3333333333333,1
"476","arizona",50,4,222182.2,5630,428,12.6,1
"477","arizona",49,6,217748.666666667,5464.66666666667,786,22.3333333333333,1
"478","arizona",48,-1,215161,5419.66666666667,882.166666666667,25.6666666666667,1
"479","arizona",47,1,211177.857142857,5338.71428571429,665.428571428571,19.4285714285714,1
"480","arizona",49,9,210636.5,5327,484.166666666667,16.3333333333333,1
"481","arizona",48,2,210344.6,5318.2,441.4,14.2,1
"482","arizona",50,2,209133.5,5280.5,491,18.5,1
"483","arizona",47,3,208878,5270.66666666667,492.666666666667,22.3333333333333,1
"484","arizona",52,10,208360.333333333,5248.33333333333,346,18,1
"485","arizona",49,4,207113.333333333,5199.66666666667,604.333333333333,30.3333333333333,1
"486","arizona",49,9,203502.75,5027.5,421,16.5,1
"487","arizona",49,2,199208,4738.33333333333,607.666666666667,29,1
"488","arizona",49,4,188176,4147,823.333333333333,24.3333333333333,1
"489","arizona",45,1,187325.666666667,4122.66666666667,1092,49.3333333333333,1
"490","arizona",45,-1,185505.75,4038,1400.5,73,1
"491","arizona",49,4,180814,3812,1019,40,1
"492","arizona",47,2,160265,3244.33333333333,3023.33333333333,80.6666666666667,1
"493","arizona",49,4,149185.714285714,2910.28571428571,2539.71428571429,79.8571428571429,1
"494","arizona",50,5,141014.888888889,2668.11111111111,2976.11111111111,81,1
"495","arizona",51,6,120459.333333333,2156.66666666667,3265.33333333333,66.3333333333333,1
"496","arizona",49,5,103777.5,1868.5,3502.5,59,1
"497","arizona",45,-4,70461,1579,3503,44,1
"498","arizona",51,7,70607,1567.33333333333,3626,32.6666666666667,1
"499","arizona",45,1,34668.3333333333,1171,1475.66666666667,19.6666666666667,1
"500","arizona",48,7,NA,1140.55555555556,1356.44444444444,19.4444444444444,1
"501","arizona",46,4,NA,916.75,696.25,14,1
"502","arizona",44,-1,NA,898,724.333333333333,16.3333333333333,1
"503","arizona",50,7,NA,536.666666666667,284.666666666667,8.33333333333333,1
"504","arizona",52,9,NA,76.5,135,7.5,1
"505","arizona",47,1,NA,NA,NA,NA,1
"506","arizona",46,3,NA,NA,NA,NA,1
"507","arizona",50,8,NA,NA,NA,NA,1
"508","arizona",49,6,NA,NA,NA,NA,1
"509","arizona",48,1,NA,NA,NA,NA,1
"510","arizona",44,-2,NA,NA,NA,NA,1
"511","arizona",49,3,236424.727272727,5820.90909090909,893.818181818182,9.63636363636364,1
"512","arizona",45,2,192676,4403,1139,38,1
"513","arizona",49,5,NA,339,358,14,1
"514","nevada",48.7,2.4,NA,1762.54545454545,841.909090909091,4.36363636363636,312
"515","nevada",48,-1,NA,1780.66666666667,776,2.33333333333333,312
"516","nevada",49,2,NA,1774.33333333333,1094.66666666667,3.66666666666667,312
"517","nevada",49,2,NA,1767.5,823,6.5,312
"518","nevada",49,6,NA,1744.5,831.25,3.25,312
"519","nevada",44,2,NA,1652.4,572.6,6.4,312
"520","nevada",52,6,NA,1642.75,539,8.5,312
"521","nevada",48,6,NA,1620.8,501.2,5.2,312
"522","nevada",49,1,NA,1564.33333333333,485,9,312
"523","nevada",52,11,NA,1541,347,7,312
"524","nevada",46,4,NA,1411.33333333333,193,12,312
"525","nevada",47,8,NA,NA,NA,NA,312
"526","nevada",47,7,NA,1877.25,1438.75,10.25,312
"527","nevada",49,-2,NA,1780.66666666667,776,2.33333333333333,312
"528","nevada",49,6,NA,1062,885,14,312
"529","nevada",52,4,NA,28.3333333333333,153.666666666667,3.66666666666667,312
"530","texas",46.5,-1.3,NA,17541.25,6243.58333333333,83.5,539
"531","texas",47,-1,NA,17346.1428571429,5914.57142857143,70.2857142857143,539
"532","texas",43,-4,NA,17318.1666666667,6117,80.3333333333333,539
"533","texas",45,-5,NA,16895.125,4803.875,66.125,539
"534","texas",48,3,NA,16895.125,4803.875,66.125,539
"535","texas",44,-7,NA,16072,3770.5,43,539
"536","texas",45,-5,NA,15695.4,4197.5,75.8,539
"537","texas",46,-4,NA,15015.625,6216.625,96.75,539
"538","texas",45,-5,NA,14792.2,4723,87.8,539
"539","texas",43,-3,NA,14739.8333333333,4940.16666666667,95.6666666666667,539
"540","texas",46,-2,NA,14531,4699,125.5,539
"541","texas",46,-2,NA,12547.1666666667,3988.33333333333,133.333333333333,539
"542","texas",41,-7,NA,8298.2,7156.1,227.3,539
"543","texas",43,-6,NA,7089.6,7788.2,185.6,539
"544","texas",45,1,NA,3827.8,10013.8,117.6,539
"545","texas",45,-1,NA,2864.75,9888.5,89.5,539
"546","texas",44,-2,NA,2715,10028,60,539
"547","texas",48,5,NA,2558.11111111111,6873,35.7777777777778,539
"548","texas",44,-4,NA,2266.36363636364,4832.72727272727,27.0909090909091,539
"549","texas",45,1,NA,2189.75,4266.25,20,539
"550","texas",43,-1,NA,1640.6,1391.8,23.2,539
"551","texas",41,-6,NA,1047,1159.66666666667,38.3333333333333,539
"552","texas",44,-5,NA,347.1,869.3,27.8,539
"553","texas",45,-4,NA,NA,NA,NA,539
"554","texas",48,1,NA,NA,NA,NA,539
"555","texas",44,-1,NA,NA,NA,NA,539
"556","texas",43,-4,NA,NA,NA,NA,539
"557","texas",44,-2,NA,NA,NA,NA,539
"558","texas",46,-5,NA,NA,NA,NA,539
"559","texas",47,-1,NA,NA,NA,NA,539
"560","texas",39,-7,NA,17305.4,5380.4,61.1,539
"561","texas",51,2,NA,6896.66666666667,7022.66666666667,149,539
"562","texas",48,4,NA,1685.85714285714,1449.14285714286,23.7142857142857,539
"563","texas",50,1,NA,656,841.25,24.25,539
"564","texas",46,-1,NA,NA,NA,NA,539
"565","georgia",47.2,-1,NA,7887.90909090909,1580.54545454545,24.5454545454545,144
"566","georgia",46,-4,NA,7981,1192,2,144
"567","georgia",45,-5,NA,7986.33333333333,1565.33333333333,14.6666666666667,144
"568","georgia",46,-2,NA,7981,1192,2,144
"569","georgia",48,-1,NA,7952.33333333333,1921.66666666667,34.3333333333333,144
"570","georgia",47,-1,NA,7876,1653,32,144
"571","georgia",48,2,NA,7860,1572,24.5,144
"572","georgia",50,4,NA,7810.8,1567.4,23,144
"573","georgia",45,-4,NA,7704,1312,30,144
"574","georgia",47,-1,NA,7634,1153.33333333333,33.6666666666667,144
"575","georgia",47,1,NA,7629.3,1445.5,31.2,144
"576","georgia",48,2,NA,7376,1233.8,34,144
"577","georgia",51,7,NA,7376,1233.8,34,144
"578","georgia",47,1,NA,7321,1445,44.5,144
"579","georgia",47,-2,NA,7259,1492,30,144
"580","georgia",46,-2,NA,7080.8,1077.7,31.5,144
"581","georgia",47,2,NA,7021,1720,27,144
"582","georgia",50,3,NA,6865.8,1292.8,53.8,144
"583","georgia",46,-1,NA,6786.5,1293.75,67.5,144
"584","georgia",46,-2,NA,6563.2,1656.6,37,144
"585","georgia",41,-7,NA,5604,1699.66666666667,53.6666666666667,144
"586","georgia",45,-2,NA,4621,3250,65.5,144
"587","georgia",46,2,NA,4109.66666666667,3904.66666666667,67.3333333333333,144
"588","georgia",46,1,NA,3657,3877.25,60.75,144
"589","georgia",47,-1,NA,3460.8,3708.2,34.8,144
"590","georgia",43,-7,NA,3123.75,3977.25,28.5,144
"591","georgia",45,-3,NA,2849,3472,22,144
"592","georgia",47,2,NA,2655.25,1417.25,13,144
"593","georgia",43,-8,NA,NA,NA,NA,144
"594","georgia",44,-7,NA,NA,NA,NA,144
"595","georgia",47,4,NA,8999.25,2223.25,27.25,144
"596","georgia",51,8,NA,8339.6,1623,72.5,144
"597","virginia",53,11,186474.714285714,3589.85714285714,1154.14285714286,16,574
"598","virginia",51,12,175637.3,3438.5,1053.4,16.3,574
"599","virginia",53,12,180006.153846154,3500.69230769231,1061.46153846154,16.8461538461538,574
"600","virginia",52,11,173912,3408.71428571429,1036.85714285714,13.7142857142857,574
"601","virginia",54,15,161953.538461538,3295.69230769231,927.230769230769,13.3846153846154,574
"602","virginia",48,5,141864.846153846,2840.23076923077,979.307692307692,25.7692307692308,574
"603","virginia",53,14,128082.909090909,2624.81818181818,1101.18181818182,15.3636363636364,574
"604","virginia",53,14,110299.714285714,2381.5,920.214285714286,8.64285714285714,574
"605","virginia",50,11,76397.7777777778,1993,944.333333333333,7.66666666666667,574
"606","virginia",51,12,25411.2666666667,841.866666666667,843.8,26.2,574
"607","virginia",51,10,NA,36.2,223.666666666667,4.53333333333333,574
"608","virginia",45,7,NA,NA,NA,NA,574
"609","virginia",48,8,NA,NA,NA,NA,574
"610","virginia",49,4,NA,NA,NA,NA,574
"611","virginia",55,17,135474.153846154,2706.38461538462,997.846153846154,15.2307692307692,574
"612","new_hampshire",52,8,NA,473,100.75,1.25,328
"613","new_hampshire",53,8,NA,470.2,98.4,1,328
"614","new_hampshire",53,10,NA,469.545454545455,88.2727272727273,1.09090909090909,328
"615","new_hampshire",55,12,NA,453.75,66.25,1.75,328
"616","new_hampshire",51,10,NA,452.8,68.6,1.6,328
"617","new_hampshire",53,12,NA,442,94.75,1,328
"618","new_hampshire",52,7,NA,440,42,1,328
"619","new_hampshire",53,9,NA,438.6,40.2,0.2,328
"620","new_hampshire",56,14,NA,438,18,0,328
"621","new_hampshire",53,9,NA,438,29.3333333333333,0,328
"622","new_hampshire",45,3,NA,433.5,36,0.25,328
"623","new_hampshire",51,8,NA,423,27.6666666666667,0.333333333333333,328
"624","new_hampshire",53,13,NA,401.615384615385,31.4615384615385,1.30769230769231,328
"625","new_hampshire",49,7,NA,318.25,34,3,328
"626","new_hampshire",52,13,NA,335.2,36,2.6,328
"627","new_hampshire",44,-2,NA,162.2,71.4,6,328
"628","new_hampshire",50,8,NA,54.4,74.6,3.6,328
"629","new_hampshire",44,-2,NA,NA,NA,NA,328
"630","new_hampshire",51,8,NA,NA,NA,NA,328
"631","new_hampshire",52,4,NA,NA,NA,NA,328
"632","new_hampshire",51,8,NA,500.333333333333,379.833333333333,1.5,328
"633","new_hampshire",55,10,NA,433,17.5,0.25,328
"634","new_hampshire",55,10,NA,NA,NA,NA,328
"635","maine",54,11,7308.33333333333,146.333333333333,93.6666666666667,0.333333333333333,201
"636","maine",51,13,6763.6,146,42.4,0,201
"637","maine",50,10,6091.2,142,26.8,0,201
"638","maine",51,11,5930,141,30.4,0.2,201
"639","maine",50,11,5589.71428571429,139.142857142857,32.8571428571429,0.285714285714286,201
"640","maine",51,12,5532,138.5,34.5,0.25,201
"641","maine",55,17,5368.33333333333,136,30.1666666666667,0.666666666666667,201
"642","maine",59,21,5314.8,135,33.8,0.4,201
"643","maine",44,8,4372.38461538462,123.230769230769,16.1538461538462,0.461538461538462,201
"644","maine",52,15,4352.4,123,20.8,0.6,201
"645","maine",50,12,NA,NA,NA,NA,201
"646","maine",53,11,3733,105,39.5,0,201
"647","maine",52,10,NA,NA,NA,NA,201
"648","maine",54,12,6359.33333333333,143,28,0,201
"649","maine",54,8,3354,103,23,1,201
"650","colorado",47,9,80190.8,1990.2,708.6,6,61
"651","colorado",50,10,77800.6666666667,1972,609.166666666667,3.83333333333333,61
"652","new_mexico",54,12,NA,976.142857142857,789.571428571429,5.85714285714286,351
"653","new_mexico",53,14,NA,879.5,252,3.5,351
"654","new_mexico",54,15,NA,772.625,134.625,5,351
"655","new_mexico",53,14,NA,428.5,127,5.5,351
"656","new_mexico",54,8,NA,NA,NA,NA,351
